
INSERT INTO program (id, program_classification, program_end_date, program_name, program_start_date) VALUES
  (1, 'DEPARTMENT_PEDIATRIC', '2099-01-21 19:00:00', 'Save Humanity', '2020-01-21 19:00:00'),
  (2, 'DEPARTMENT_ONCOLOGY', '2099-01-21 19:00:00', 'Cancer Oncology', '2022-10-21 20:00:00'),
  (3, 'DEPARTMENT_ORTHOPAEDIC', '2099-01-21 19:00:00', 'ORTHOPAEDIC', '2022-10-21 20:00:00'),
  (4, 'DEPARTMENT_CARDIO', '2099-01-21 19:00:00', 'CARDIO', '2022-10-21 20:00:00'),
  (5, 'DEPARTMENT_NEUROLOGY', '2099-01-21 19:00:00', 'NEUROLOGY', '2022-10-21 20:00:00'),
  (6, 'DEPARTMENT_SURGERY', '2099-01-21 19:00:00', 'SURGERY', '2022-10-21 20:00:00'),
  (7, 'DEPARTMENT_DERMATOLOGY', '2099-01-21 19:00:00', 'DERMATOLOGY', '2022-10-21 20:00:00'),
  (8, 'DEPARTMENT_DIAGNOSTICS', '2099-01-21 19:00:00', 'DIAGNOSTICS', '2022-10-21 20:00:00'),
  (9, 'PREVENTION', '2099-01-21 19:00:00', 'PREVENTION', '2022-10-21 20:00:00'),
  (10, 'EPIDEMIC', '2099-01-21 19:00:00', 'EPIDEMIC', '2022-10-21 20:00:00'),
  (11, 'ELDERLY_CARE', '2099-01-21 19:00:00', 'ELDERLY CARE', '2022-10-21 20:00:00'),
  (12, 'OTHER_DISEASE', '2099-01-21 19:00:00', 'OTHER DISEASE', '2022-10-21 20:00:00');
COMMIT;
INSERT INTO thing (id,criticality,living_type,location,name, staff_type) VALUES
(1,TRUE,TRUE,'613 Margarte Ct','Dr. Vinod','DOCTOR'),
(2,TRUE,TRUE,'5th floor, xyz','Dr. Yen','DOCTOR'),
(3,TRUE,TRUE,'6th floor, xyz','Dr. Lu','DOCTOR'),
(4,TRUE,TRUE,'613 Margarte Ct','Dr. Monica','DOCTOR'),
(5,TRUE,TRUE,'613 Margarte Ct','Dr. Aarushi','DOCTOR'),
(6,TRUE,TRUE,'613 Margarte Ct','Dr. Pushpa','DOCTOR'),
(7,FALSE,TRUE,'613 Margarte Ct','Dr. Subha','DOCTOR'),
(8,TRUE,TRUE,'613 Margarte Ct','Dr. Sharlor','DOCTOR'),
(9,TRUE,TRUE,'2nd floor, xyz','Dr. Oyeyemi','DOCTOR'),
(10,TRUE,TRUE,'3rd floor, xyz','Dr. Lavanya','DOCTOR'),
(11,TRUE,TRUE,'3rd floor, xyz','Dr. Mitthu','DOCTOR'),
(12,TRUE,TRUE,'4th floor, xyz','Dr. Rekha','DOCTOR'),
(13,TRUE,FALSE,'Branch2, 1st floor cancer ward,location A1','Bed1','UTILITY'),
(14,TRUE,FALSE,'Branch2, 1st floor cancer ward,location A2','Bed2','UTILITY'),
(15,TRUE,FALSE,'Branch2, 1st floor cancer ward,location A3','Bed3','UTILITY'),
(16,TRUE,FALSE,'Branch2, 1st floor cancer ward,location A4','Bed4','UTILITY'),
(17,TRUE,FALSE,'Branch3, 1st floor cancer ward,location A5','Bed5','UTILITY'),
(18,TRUE,FALSE,'Branch4, 1st floor cancer ward,location A6','Bed6','UTILITY'),
(19,TRUE,FALSE,'Branch7, 1st floor cancer ward,location A7','Bed7','UTILITY'),
(20,TRUE,FALSE,'Branch7, 1st floor cancer ward,location A8','Bed8','UTILITY'),
(21,TRUE,FALSE,'Branch8, 1st floor cancer ward,location A9','Bed9','UTILITY'),
(22,TRUE,FALSE,'Branch10, 1st floor cancer ward,location A10','Bed10','UTILITY'),
(23,TRUE,FALSE,'Branch11, 1st floor cancer ward,location A11','Bed11','UTILITY'),
(24,TRUE,FALSE,'Branch11, 1st floor cancer ward,location A12','Bed12','UTILITY'),
(25,TRUE,FALSE,'location C1','Oxygen Cylinder1','UTILITY'),
(26,TRUE,FALSE,'location C2','Oxygen Cylinder2','UTILITY'),
(27,TRUE,FALSE,'location C3','Oxygen Cylinder3','UTILITY'),
(28,TRUE,FALSE,'location C4','Oxygen Cylinder4','UTILITY'),
(29,TRUE,FALSE,'location C5','Oxygen Cylinder5','UTILITY'),
(30,TRUE,FALSE,'location C6','Oxygen Cylinder6','UTILITY'),
(31,TRUE,FALSE,'location C7','Oxygen Cylinder7','UTILITY'),
(32,TRUE,FALSE,'location C8','Oxygen Cylinder8','UTILITY'),
(33,TRUE,FALSE,'location C9','Oxygen Cylinder9','UTILITY'),
(34,TRUE,FALSE,'location C10','Oxygen Cylinder10','UTILITY'),
(35,TRUE,FALSE,'location C11','Oxygen Cylinder11','UTILITY'),
(36,TRUE,FALSE,'location C12','Oxygen Cylinder12','UTILITY');
COMMIT;
INSERT INTO allocation (program_id, thing_id) VALUES
( 1, 1),
( 2, 2),
( 3, 3),
( 4, 4),
( 5, 5),
( 6, 6),
( 7, 7),
( 8, 8),
( 9, 9),
( 10, 10),
( 11, 11),
( 12, 12),
( 1, 13),
( 2, 14),
( 3, 15),
( 4, 16),
( 5, 17),
( 6, 18),
( 7, 19),
( 8, 20),
( 9, 21),
( 10, 22),
( 11, 23),
( 12, 24),
( 1, 25),
( 2, 26),
( 3, 27),
( 4, 28),
( 5, 29),
( 6, 30),
( 7, 31),
( 8, 32),
( 9, 33),
( 10, 34),
( 11, 35),
( 12, 36);

COMMIT;
